"Data","Último","Abertura","Máxima","Mínima","Vol.","Var%"
"08.05.2020","17,92","17,64","18,13","17,47","39,78M","4,49%"
"07.05.2020","17,15","18,05","18,08","17,00","70,09M","-4,30%"
"06.05.2020","17,92","18,34","18,44","17,69","41,72M","-2,08%"
"05.05.2020","18,30","18,50","19,04","18,16","50,97M","0,10%"
"04.05.2020","18,28","18,69","18,72","18,06","43,99M","-4,44%"
"30.04.2020","19,13","19,03","19,57","19,03","69,51M","-7,22%"
"29.04.2020","20,62","20,51","20,71","19,87","36,51M","3,36%"
"28.04.2020","19,95","19,53","20,23","19,37","56,86M","8,77%"
"27.04.2020","18,34","18,62","19,04","18,13","43,74M","2,91%"
"24.04.2020","17,82","19,01","19,20","17,18","72,53M","-7,80%"
"23.04.2020","19,33","19,88","20,13","19,01","42,45M","-1,43%"
"22.04.2020","19,61","19,48","20,12","19,35","43,12M","-0,36%"
"20.04.2020","19,68","19,86","20,06","19,53","41,27M","-3,24%"
"17.04.2020","20,34","20,46","20,67","19,74","26,56M","1,95%"
"16.04.2020","19,95","20,80","20,82","19,89","28,97M","-2,59%"
"15.04.2020","20,48","20,72","21,04","20,38","36,01M","-2,89%"
"14.04.2020","21,09","21,48","22,04","21,09","34,32M","1,09%"
"13.04.2020","20,86","20,32","20,86","19,80","35,32M","2,59%"
"09.04.2020","20,33","20,61","21,14","20,22","41,39M","-0,04%"
"08.04.2020","20,34","19,89","20,72","19,73","37,11M","2,66%"
"07.04.2020","19,82","20,43","20,82","19,77","40,30M","3,76%"
"06.04.2020","19,10","18,74","19,42","18,64","62,16M","9,47%"
"03.04.2020","17,45","17,98","18,01","16,55","44,88M","-3,71%"
"02.04.2020","18,12","18,03","18,51","17,82","32,74M","0,55%"
"01.04.2020","18,02","18,15","18,30","17,58","28,04M","-4,38%"
"31.03.2020","18,84","19,28","19,50","18,51","42,57M","-3,44%"
"30.03.2020","19,52","19,18","19,81","18,84","34,99M","3,01%"
"27.03.2020","18,95","19,25","19,80","18,81","34,79M","-6,50%"
"26.03.2020","20,26","20,16","21,13","19,40","42,09M","2,11%"
"25.03.2020","19,84","18,16","21,27","18,06","39,08M","7,48%"
"24.03.2020","18,46","17,27","18,72","17,18","40,41M","15,05%"
"23.03.2020","16,05","17,71","17,89","15,71","58,43M","-8,16%"
"20.03.2020","17,47","19,55","19,71","17,22","54,98M","-7,28%"
"19.03.2020","18,85","18,16","19,52","17,18","59,48M","0,29%"
"18.03.2020","18,79","19,80","20,44","17,89","64,78M","-11,66%"
"17.03.2020","21,27","20,30","22,31","19,66","59,46M","8,03%"
"16.03.2020","19,69","20,34","21,95","19,65","50,31M","-14,27%"
"13.03.2020","22,97","23,34","23,38","19,99","65,41M","16,87%"
"12.03.2020","19,65","19,98","20,71","19,07","42,18M","-13,41%"
"11.03.2020","22,70","24,07","24,31","21,81","38,69M","-8,09%"
"10.03.2020","24,69","25,43","25,77","23,81","36,47M","2,41%"
"09.03.2020","24,11","24,22","24,93","23,75","50,28M","-7,20%"
"06.03.2020","25,98","25,93","26,56","25,63","33,18M","-2,85%"
"05.03.2020","26,75","27,38","27,60","26,51","26,51M","-3,28%"
"04.03.2020","27,66","27,77","27,82","27,00","32,22M","1,10%"
"03.03.2020","27,36","27,79","28,19","27,17","34,07M","-2,59%"
"02.03.2020","28,08","27,73","28,21","27,34","36,68M","1,34%"
"28.02.2020","27,71","27,29","27,86","26,96","46,10M","1,87%"
"27.02.2020","27,20","26,97","28,24","26,97","39,66M","-0,43%"
"26.02.2020","27,32","27,84","28,07","27,07","31,96M","-5,38%"
"21.02.2020","28,87","28,95","29,09","28,60","17,83M","-0,78%"
"20.02.2020","29,10","29,82","29,82","29,05","23,04M","-1,44%"
"19.02.2020","29,53","28,95","29,95","28,88","29,91M","1,43%"
"18.02.2020","29,11","29,06","29,38","28,75","28,77M","-0,39%"
"17.02.2020","29,22","29,56","29,62","29,22","11,89M","-0,83%"
"14.02.2020","29,47","30,14","30,18","29,35","24,33M","-2,25%"
"13.02.2020","30,15","30,52","30,52","29,92","21,13M","-1,92%"
"12.02.2020","30,74","31,14","31,27","30,44","54,19M","-1,34%"
"11.02.2020","31,15","31,27","31,59","30,90","29,93M","0,88%"
"10.02.2020","30,88","30,66","31,22","30,36","26,90M","1,07%"
"07.02.2020","30,55","30,07","30,98","30,04","25,04M","1,14%"
"06.02.2020","30,21","30,80","31,04","30,05","25,76M","-1,16%"
"05.02.2020","30,56","30,82","31,34","30,52","43,28M","1,93%"
"04.02.2020","29,98","30,57","30,58","29,93","22,63M","0,06%"
"03.02.2020","29,97","29,87","30,32","29,70","16,66M","0,64%"
"31.01.2020","29,78","29,91","30,13","29,53","19,10M","-1,67%"
"30.01.2020","30,28","29,62","30,36","29,49","17,39M","1,00%"
"29.01.2020","29,99","30,65","30,71","29,88","17,78M","-1,43%"
"28.01.2020","30,42","30,65","30,81","30,22","13,76M","0,12%"
"27.01.2020","30,38","30,76","30,85","30,27","15,68M","-2,30%"
"24.01.2020","31,10","31,43","31,58","30,75","14,75M","-0,75%"
"23.01.2020","31,33","30,32","31,65","30,19","32,17M","2,64%"
"22.01.2020","30,53","30,78","30,91","30,37","19,65M","0,36%"
"21.01.2020","30,42","31,23","31,39","30,41","25,83M","-3,34%"
"20.01.2020","31,47","31,92","32,00","31,33","15,41M","-1,95%"
"17.01.2020","32,09","31,55","32,19","31,49","24,79M","2,34%"
"16.01.2020","31,36","31,04","31,60","30,92","27,12M","1,43%"
"15.01.2020","30,92","31,31","31,34","30,66","23,39M","-1,75%"
"14.01.2020","31,47","31,53","31,55","31,09","15,65M","-0,11%"
"13.01.2020","31,51","31,49","31,64","31,30","17,95M","1,07%"
"10.01.2020","31,17","31,79","32,03","31,10","21,86M","-1,82%"
"09.01.2020","31,75","32,39","32,49","31,43","25,44M","-1,60%"
"08.01.2020","32,27","32,93","33,06","32,10","23,39M","-1,55%"
"07.01.2020","32,77","33,27","33,46","32,59","16,34M","-1,74%"
"06.01.2020","33,35","33,68","33,75","32,99","27,83M","-1,79%"
"03.01.2020","33,96","33,41","34,40","33,39","33,06M","0,05%"
"02.01.2020","33,94","33,06","33,94","32,76","20,69M","3,70%"
"30.12.2019","32,73","32,90","33,02","32,54","8,20M","-0,14%"
"27.12.2019","32,78","33,03","33,16","32,67","11,44M","-0,39%"
"26.12.2019","32,90","32,51","33,02","32,41","11,50M","1,25%"
"23.12.2019","32,49","32,30","32,50","32,11","11,30M","0,62%"
"20.12.2019","32,30","32,42","32,51","32,09","24,62M","-0,57%"
"19.12.2019","32,48","31,81","32,48","31,80","36,25M","1,84%"
"18.12.2019","31,89","31,03","32,06","30,94","53,48M","2,79%"
"17.12.2019","31,03","30,74","31,22","30,52","22,67M","1,84%"
"16.12.2019","30,47","31,19","31,34","30,47","29,54M","-1,75%"
"13.12.2019","31,01","31,01","31,45","30,83","25,67M","0,17%"
"12.12.2019","30,96","30,70","30,99","30,52","15,53M","1,34%"
"11.12.2019","30,55","30,83","31,04","30,27","28,26M","-0,58%"
"10.12.2019","30,73","30,83","31,02","30,57","24,05M","-0,35%"
"09.12.2019","30,83","30,61","30,92","30,30","21,80M","0,85%"
"06.12.2019","30,58","30,92","31,21","30,55","21,69M","-1,12%"
"05.12.2019","30,92","30,83","31,28","30,73","19,24M","0,41%"
"04.12.2019","30,80","30,12","30,80","30,03","18,55M","2,58%"
"03.12.2019","30,02","30,11","30,32","29,90","16,11M","0,35%"
"02.12.2019","29,92","29,81","30,17","29,74","12,83M","0,66%"
"29.11.2019","29,72","29,73","29,88","29,44","15,51M","0,48%"
"28.11.2019","29,58","29,39","29,71","29,15","16,78M","-0,78%"
"27.11.2019","29,81","29,44","30,02","29,22","19,76M","1,67%"
"26.11.2019","29,32","29,70","29,88","29,21","35,52M","-2,14%"
"25.11.2019","29,96","30,23","30,32","29,81","15,95M","-0,50%"
"22.11.2019","30,11","29,67","30,13","29,55","18,26M","1,65%"
"21.11.2019","29,62","29,62","29,93","29,35","32,10M","0,57%"
"19.11.2019","29,45","29,57","29,72","29,22","12,94M","-0,18%"
"18.11.2019","29,51","30,07","30,13","29,32","20,69M","-0,66%"
"14.11.2019","29,70","29,66","29,95","29,53","20,47M","-0,42%"
"13.11.2019","29,83","29,97","30,11","29,52","16,60M","-1,03%"
"12.11.2019","30,14","30,23","30,50","29,78","16,51M","-0,94%"
"11.11.2019","30,42","30,34","30,55","30,12","19,48M","-0,23%"
"08.11.2019","30,50","31,18","31,35","30,36","24,01M","-2,89%"
"07.11.2019","31,40","31,48","31,57","31,24","11,16M","0,26%"
"06.11.2019","31,32","31,49","31,80","31,08","13,42M","-0,54%"
"05.11.2019","31,49","31,53","31,59","30,95","24,84M","1,35%"
"04.11.2019","31,07","31,22","31,41","31,00","13,17M","0,11%"
"01.11.2019","31,04","31,56","31,71","30,75","24,31M","-0,85%"
"31.10.2019","31,31","31,59","31,86","31,08","42,03M","-4,09%"
"30.10.2019","32,64","32,27","32,68","31,75","20,97M","0,47%"
"29.10.2019","32,49","32,80","32,90","32,27","22,72M","-1,38%"
"28.10.2019","32,94","31,73","32,96","31,67","41,54M","3,61%"
"25.10.2019","31,80","31,45","31,93","31,33","17,81M","1,30%"
"24.10.2019","31,39","31,45","31,57","31,08","23,88M","-0,11%"
"23.10.2019","31,42","30,93","31,87","30,80","29,98M","0,86%"
"22.10.2019","31,16","30,29","31,16","30,20","31,60M","2,85%"
"21.10.2019","30,29","30,10","30,38","29,84","13,39M","0,71%"
"18.10.2019","30,08","30,20","30,33","29,92","14,13M","-0,49%"
"17.10.2019","30,23","30,74","31,05","30,17","23,68M","-1,69%"
"16.10.2019","30,74","30,05","30,74","29,76","22,68M","2,39%"
"15.10.2019","30,03","29,80","30,25","29,63","21,60M","0,81%"
"14.10.2019","29,79","29,28","29,92","29,20","12,74M","1,41%"
"11.10.2019","29,37","29,23","29,66","29,23","17,80M","1,13%"
"10.10.2019","29,04","28,72","29,28","28,72","12,77M","1,14%"
"09.10.2019","28,72","28,21","28,93","28,07","15,45M","2,85%"
"08.10.2019","27,92","28,26","28,53","27,91","18,80M","-0,09%"
"07.10.2019","27,95","28,50","28,72","27,93","24,55M","-0,64%"
"04.10.2019","28,13","27,84","28,20","27,55","15,13M","1,02%"
"03.10.2019","27,84","27,78","28,04","27,44","18,26M","0,28%"
"02.10.2019","27,77","28,59","28,59","27,65","20,91M","-3,86%"
"01.10.2019","28,88","29,59","29,62","28,71","15,58M","-1,36%"
"30.09.2019","29,28","29,76","29,85","29,28","15,85M","-1,68%"
"27.09.2019","29,78","29,76","30,02","29,35","14,96M","-0,06%"
"26.09.2019","29,80","29,40","29,92","29,28","16,47M","1,44%"
"25.09.2019","29,37","29,10","29,42","28,85","10,64M","0,65%"
"24.09.2019","29,18","29,61","29,67","29,01","12,71M","-1,28%"
"23.09.2019","29,56","29,40","29,56","28,92","14,15M","0,20%"
"20.09.2019","29,50","29,12","29,50","29,05","32,18M","1,76%"
"19.09.2019","28,99","29,56","29,77","28,95","15,77M","-1,21%"
"18.09.2019","29,35","29,29","29,48","29,04","14,86M","0,29%"
"17.09.2019","29,26","28,40","29,26","28,37","19,80M","2,67%"
"16.09.2019","28,50","28,74","28,85","28,31","17,09M","-1,32%"
"13.09.2019","28,88","29,38","29,44","28,72","23,05M","-1,30%"
"12.09.2019","29,26","29,82","29,83","29,18","19,72M","-1,08%"
"11.09.2019","29,58","29,85","29,93","29,39","15,82M","-0,44%"
"10.09.2019","29,71","30,13","30,34","29,44","22,37M","-1,77%"
"09.09.2019","30,24","30,00","30,68","30,00","26,92M","1,27%"
"06.09.2019","29,86","28,85","29,86","28,85","27,02M","4,19%"
"05.09.2019","28,66","28,38","29,44","28,18","21,82M","2,31%"
"04.09.2019","28,02","28,12","28,16","27,78","14,84M","1,25%"
"03.09.2019","27,67","28,01","28,52","27,56","15,40M","-1,63%"
"02.09.2019","28,13","28,60","28,75","28,12","10,56M","-1,03%"
"30.08.2019","28,42","28,26","28,67","28,20","29,64M","1,54%"
"29.08.2019","27,99","27,71","28,20","27,46","17,87M","1,88%"
"28.08.2019","27,47","27,36","27,80","27,22","14,44M","-0,59%"
"27.08.2019","27,64","27,47","27,91","27,20","26,92M","1,26%"
"26.08.2019","27,29","27,73","27,74","27,05","17,64M","-1,03%"
"23.08.2019","27,58","27,71","28,13","27,28","24,09M","-2,17%"
"22.08.2019","28,19","28,64","28,72","28,16","13,63M","-1,30%"
"21.08.2019","28,56","28,41","28,64","28,14","21,39M","1,97%"
"20.08.2019","28,01","28,37","28,38","27,63","17,86M","-0,98%"
"19.08.2019","28,29","28,95","28,96","28,09","27,15M","-1,44%"
"16.08.2019","28,70","28,91","29,10","28,48","15,93M","0,21%"
"15.08.2019","28,64","29,00","29,11","28,29","24,67M","-0,69%"
"14.08.2019","28,84","29,03","29,19","28,52","23,94M","-1,96%"
"13.08.2019","29,42","28,98","29,95","28,93","18,91M","1,01%"
"12.08.2019","29,12","29,15","29,37","28,85","23,88M","-2,09%"
"09.08.2019","29,74","30,17","30,39","29,62","15,88M","-1,65%"
"08.08.2019","30,24","30,35","30,48","29,89","20,91M","0,49%"
"07.08.2019","30,10","29,33","30,25","29,05","34,80M","2,11%"
"06.08.2019","29,48","29,33","29,64","29,10","31,09M","1,52%"
"05.08.2019","29,04","29,07","29,48","28,79","22,52M","-1,81%"
"02.08.2019","29,57","29,61","30,03","29,25","26,57M","0,29%"
"01.08.2019","29,49","30,17","30,55","29,48","32,22M","-0,87%"
"31.07.2019","29,74","30,61","30,67","29,55","35,31M","-2,54%"
"30.07.2019","30,52","30,96","30,99","30,24","33,35M","-2,07%"
"29.07.2019","31,17","31,34","31,51","30,99","15,73M","-0,22%"
"26.07.2019","31,24","32,03","32,05","31,24","27,06M","-1,28%"
"25.07.2019","31,64","32,50","32,74","31,60","58,87M","-5,82%"
"24.07.2019","33,60","33,06","33,60","33,05","19,61M","1,88%"
"23.07.2019","32,98","33,13","33,18","32,74","15,99M","0,34%"
"22.07.2019","32,86","32,52","33,18","32,50","14,89M","1,38%"
"19.07.2019","32,42","33,02","33,05","32,29","15,70M","-2,26%"
"18.07.2019","33,17","32,59","33,25","32,50","15,25M","2,18%"
"17.07.2019","32,46","32,71","32,86","32,46","14,23M","-0,53%"
"16.07.2019","32,63","32,67","32,79","32,40","10,04M","0,03%"
"15.07.2019","32,62","33,00","33,00","32,44","12,84M","-0,42%"
"12.07.2019","32,76","33,50","33,62","32,71","19,20M","-1,86%"
"11.07.2019","33,38","33,58","33,58","32,84","21,73M","-0,85%"
"10.07.2019","33,67","34,14","34,43","33,55","22,50M","-0,46%"
"08.07.2019","33,82","34,02","34,07","33,64","10,21M","-0,46%"
"05.07.2019","33,98","33,58","34,10","33,33","14,25M","0,87%"
"04.07.2019","33,68","33,39","33,95","33,34","15,67M","2,17%"
"03.07.2019","32,97","32,34","33,15","32,25","14,67M","1,35%"
"02.07.2019","32,53","32,43","32,78","31,98","14,97M","0,32%"
"01.07.2019","32,43","32,83","32,91","32,27","12,98M","0,21%"
"28.06.2019","32,36","32,68","32,82","32,32","18,42M","-0,42%"
"27.06.2019","32,49","32,34","32,68","31,93","11,02M","-0,47%"
"26.06.2019","32,65","32,36","32,78","32,07","14,08M","1,25%"
"25.06.2019","32,25","32,43","32,71","31,88","16,73M","-0,84%"
"24.06.2019","32,52","32,28","32,67","32,15","10,72M","0,80%"
"21.06.2019","32,26","31,72","32,26","31,71","19,48M","2,26%"
"19.06.2019","31,55","31,07","31,64","30,66","17,18M","1,24%"
"18.06.2019","31,17","31,20","31,41","31,00","22,22M","0,86%"
"17.06.2019","30,90","30,92","31,20","30,69","15,21M","-0,25%"
"14.06.2019","30,98","30,91","31,14","30,58","13,90M","-0,17%"
"13.06.2019","31,03","31,34","31,47","30,54","36,50M","-1,09%"
"12.06.2019","31,37","31,81","32,11","31,25","23,60M","-1,16%"
"11.06.2019","31,74","31,81","31,93","31,32","22,14M","0,46%"
"10.06.2019","31,59","31,69","31,79","30,91","16,26M","-1,18%"
"07.06.2019","31,97","31,90","32,37","31,86","13,01M","0,03%"
"06.06.2019","31,96","31,71","32,07","31,35","13,34M","2,19%"
"05.06.2019","31,28","31,78","31,98","30,97","12,25M","-1,54%"
"04.06.2019","31,77","31,83","31,95","31,47","16,09M","0,51%"
"03.06.2019","31,60","31,78","31,96","31,40","20,13M","-0,32%"
"31.05.2019","31,71","31,54","32,03","31,49","15,01M","-0,24%"
"30.05.2019","31,78","31,01","31,78","30,91","15,26M","1,84%"
"29.05.2019","31,21","30,41","31,34","30,36","22,83M","1,99%"
"28.05.2019","30,60","29,69","30,66","29,58","36,21M","2,76%"
"27.05.2019","29,78","29,63","30,09","29,44","9,56M","1,43%"
"24.05.2019","29,36","29,89","29,91","29,13","10,64M","-0,98%"
"23.05.2019","29,65","29,56","29,88","29,14","15,34M","-0,49%"
"22.05.2019","29,80","30,41","30,43","29,71","16,76M","-1,78%"
"21.05.2019","30,34","29,31","30,43","29,00","24,55M","4,12%"
"20.05.2019","29,14","28,37","29,14","28,17","16,07M","2,72%"
"17.05.2019","28,36","28,05","28,48","27,79","26,67M","0,76%"
"16.05.2019","28,15","28,20","28,46","27,76","24,22M","-1,17%"
"15.05.2019","28,48","28,47","28,59","28,04","20,41M","-1,07%"
"14.05.2019","28,79","29,05","29,15","28,62","13,62M","-0,30%"
"13.05.2019","28,88","29,05","29,26","28,77","15,37M","-2,49%"
"10.05.2019","29,62","29,80","30,06","29,30","12,01M","-0,89%"
"09.05.2019","29,88","30,08","30,16","29,61","11,43M","-1,75%"
"08.05.2019","30,41","29,92","30,79","29,92","17,40M","2,07%"
"07.05.2019","29,80","29,90","29,92","29,12","18,69M","-0,63%"
"06.05.2019","29,98","30,59","30,67","29,95","12,52M","-2,70%"
"03.05.2019","30,82","30,58","30,97","30,49","16,63M","1,07%"
"02.05.2019","30,49","30,27","30,68","30,02","14,25M","0,06%"
"30.04.2019","30,47","30,44","30,70","30,07","10,48M","0,25%"
"29.04.2019","30,40","30,97","31,09","30,31","14,84M","-1,31%"
"26.04.2019","30,80","30,81","31,02","30,62","11,38M","-0,30%"
"25.04.2019","30,89","30,66","30,89","29,67","34,00M","1,18%"
"24.04.2019","30,53","30,70","30,73","29,98","17,36M","-0,67%"
"23.04.2019","30,74","30,20","30,92","30,12","17,16M","2,43%"
"22.04.2019","30,01","29,75","30,26","29,41","11,67M","0,83%"
"18.04.2019","29,76","29,63","30,15","29,12","15,09M","1,37%"
"17.04.2019","29,36","29,90","29,96","28,87","26,67M","-1,38%"
"16.04.2019","29,77","29,79","30,18","29,59","11,98M","-0,17%"
"15.04.2019","29,82","30,19","30,23","29,61","18,49M","-0,23%"
"12.04.2019","29,89","29,86","30,58","29,64","23,23M","-0,91%"
"11.04.2019","30,17","30,59","30,80","29,82","11,09M","-1,59%"
"10.04.2019","30,65","31,25","31,25","30,63","13,05M","-1,43%"
"09.04.2019","31,10","31,02","31,10","30,50","15,70M","-0,38%"
"08.04.2019","31,22","31,26","31,35","30,80","9,53M","0,14%"
"05.04.2019","31,18","31,01","31,35","30,64","13,24M","0,83%"
"04.04.2019","30,92","30,52","30,95","30,07","18,37M","2,59%"
"03.04.2019","30,14","30,72","30,93","29,85","13,53M","-1,12%"
"02.04.2019","30,48","31,05","31,40","30,00","14,39M","-1,28%"
"01.04.2019","30,88","31,15","31,49","30,70","18,27M","0,80%"
"29.03.2019","30,63","30,46","30,63","30,16","22,22M","1,71%"
"28.03.2019","30,12","28,68","30,27","28,53","29,79M","5,08%"
"27.03.2019","28,66","29,19","29,38","28,64","29,06M","-3,46%"
"26.03.2019","29,69","29,85","29,99","29,50","19,16M","0,65%"
"25.03.2019","29,50","29,21","29,88","29,18","17,29M","0,22%"
"22.03.2019","29,43","30,05","30,10","29,09","32,72M","-3,53%"
"21.03.2019","30,51","31,27","31,39","30,08","21,29M","-2,20%"
"20.03.2019","31,19","32,17","32,27","31,15","30,18M","-2,71%"
"19.03.2019","32,07","32,80","32,80","32,04","28,45M","-2,15%"
"18.03.2019","32,77","32,72","32,83","32,49","8,95M","0,53%"
"15.03.2019","32,60","32,39","32,71","32,38","18,35M","0,42%"
"14.03.2019","32,46","32,29","32,46","31,94","20,10M","0,22%"
"13.03.2019","32,39","32,02","32,56","31,76","23,38M","0,96%"
"12.03.2019","32,09","32,00","32,09","31,59","17,54M","0,29%"
"11.03.2019","31,99","30,82","31,99","30,78","21,64M","4,06%"
"08.03.2019","30,75","30,25","30,78","29,83","13,90M","1,39%"
"07.03.2019","30,32","30,01","30,40","29,88","16,88M","0,71%"
"06.03.2019","30,11","30,47","30,56","29,93","11,22M","-0,75%"
"01.03.2019","30,34","31,05","31,05","30,20","21,62M","-1,66%"
"28.02.2019","30,85","31,76","31,80","30,77","21,98M","-2,63%"
"27.02.2019","31,69","31,97","32,09","31,59","13,67M","-1,11%"
"26.02.2019","32,04","31,49","32,05","31,35","22,08M","1,79%"
"25.02.2019","31,48","31,87","31,98","31,35","20,32M","-1,01%"
"22.02.2019","31,80","32,30","32,36","31,39","36,37M","-0,82%"
"21.02.2019","32,07","31,92","32,15","31,59","31,26M","0,87%"
"20.02.2019","31,79","32,59","32,74","31,79","18,83M","-1,65%"
"19.02.2019","32,32","32,30","32,74","32,16","20,20M","0,85%"
"18.02.2019","32,05","32,58","32,76","31,79","13,02M","-2,28%"
"15.02.2019","32,80","32,91","33,16","32,55","19,95M","-0,65%"
"14.02.2019","33,01","31,91","33,05","31,20","28,72M","3,81%"
"13.02.2019","31,80","32,49","32,56","31,73","30,54M","-1,55%"
"12.02.2019","32,30","32,15","32,69","31,81","26,88M","2,00%"
"11.02.2019","31,67","31,79","31,94","31,23","13,86M","-0,58%"
"08.02.2019","31,85","31,41","32,26","31,17","24,45M","1,06%"
"07.02.2019","31,52","31,39","31,77","30,85","25,45M","1,52%"
"06.02.2019","31,05","32,12","32,24","30,90","22,65M","-4,71%"
"05.02.2019","32,58","32,40","32,94","32,20","22,97M","0,04%"
"04.02.2019","32,56","31,59","32,77","31,39","23,20M","2,21%"
"01.02.2019","31,86","32,24","32,25","31,52","21,94M","-1,24%"
"31.01.2019","32,26","31,75","32,74","31,51","41,99M","5,65%"
"30.01.2019","30,53","30,83","30,93","29,96","28,34M","-0,23%"
"29.01.2019","30,60","31,32","31,39","30,60","17,73M","-1,29%"
"28.01.2019","31,00","30,36","31,22","30,36","21,71M","0,81%"
"24.01.2019","30,75","30,27","30,75","30,27","21,30M","1,01%"
"23.01.2019","30,45","30,04","30,45","29,93","14,29M","1,71%"
"22.01.2019","29,93","30,07","30,28","29,70","12,96M","-0,45%"
"21.01.2019","30,07","30,40","30,49","29,79","10,32M","-1,15%"
"18.01.2019","30,42","30,33","30,62","30,15","16,61M","1,02%"
"17.01.2019","30,11","29,97","30,28","29,73","12,77M","0,33%"
"16.01.2019","30,01","29,73","30,13","29,71","14,32M","0,48%"
"15.01.2019","29,87","29,76","29,93","29,48","16,60M","-0,19%"
"14.01.2019","29,93","29,65","29,93","29,46","11,49M","1,18%"
"11.01.2019","29,58","29,64","29,77","29,34","14,28M","-0,65%"
"10.01.2019","29,77","29,61","30,19","29,51","24,61M","-0,31%"
"09.01.2019","29,86","29,56","29,86","29,41","22,79M","1,72%"
"08.01.2019","29,36","29,26","29,36","28,50","28,04M","0,61%"
"07.01.2019","29,18","28,76","29,43","28,76","25,26M","1,19%"
"04.01.2019","28,84","28,83","29,41","28,51","19,68M","-0,78%"
"03.01.2019","29,07","28,62","29,14","28,40","25,73M","1,01%"
"02.01.2019","28,77","27,53","29,06","27,37","30,78M","4,50%"
"28.12.2018","27,53","27,03","27,61","26,86","16,00M","3,07%"
"27.12.2018","26,71","26,07","26,71","26,03","14,54M","2,46%"
"26.12.2018","26,07","25,94","26,24","25,60","17,46M","-1,03%"
"21.12.2018","26,34","26,58","26,71","26,11","30,03M","-0,76%"
"20.12.2018","26,55","26,72","26,84","26,35","19,36M","0,53%"
"19.12.2018","26,41","26,97","27,22","26,41","13,92M","-1,43%"
"18.12.2018","26,79","26,41","26,94","26,33","12,17M","1,86%"
"17.12.2018","26,30","26,79","26,95","26,26","14,95M","-1,95%"
"14.12.2018","26,83","26,80","27,13","26,62","15,91M","-1,13%"
"13.12.2018","27,13","26,39","27,13","26,34","10,91M","2,64%"
"12.12.2018","26,44","26,44","26,67","26,08","32,01M","0,67%"
"11.12.2018","26,26","26,34","26,45","25,85","21,84M","1,16%"
"10.12.2018","25,96","26,55","26,65","25,90","25,37M","-1,93%"
"07.12.2018","26,47","26,55","27,00","26,25","14,52M","-0,47%"
"06.12.2018","26,60","25,93","26,62","25,60","15,17M","1,09%"
"05.12.2018","26,31","26,34","26,41","25,98","7,86M","-0,05%"
"04.12.2018","26,32","26,53","26,62","25,87","24,24M","-0,27%"
"03.12.2018","26,39","27,23","27,23","26,22","30,49M","-1,72%"
"30.11.2018","26,85","26,95","27,39","26,83","20,85M","-1,18%"
"29.11.2018","27,18","26,57","27,18","26,50","18,40M","1,25%"
"28.11.2018","26,84","26,21","26,92","25,79","22,57M","2,04%"
"27.11.2018","26,30","25,35","26,30","25,23","17,00M","4,09%"
"26.11.2018","25,27","25,83","26,11","24,95","20,68M","-1,44%"
"23.11.2018","25,64","25,59","25,82","25,51","13,37M","-0,22%"
"22.11.2018","25,70","25,59","25,78","25,51","8,61M","0,41%"
"21.11.2018","25,59","25,38","25,67","25,28","17,91M","-1,11%"
"19.11.2018","25,88","25,84","25,91","25,43","12,78M","-0,43%"
"16.11.2018","25,99","25,00","25,99","24,81","30,05M","4,85%"
"14.11.2018","24,79","24,58","24,86","24,25","28,08M","1,40%"
"13.11.2018","24,45","24,89","25,05","24,22","17,12M","-1,80%"
"12.11.2018","24,89","24,93","25,03","24,54","15,04M","-0,08%"
"09.11.2018","24,91","24,40","24,94","24,27","20,57M","1,48%"
"08.11.2018","24,55","25,37","25,45","24,51","20,88M","-2,09%"
"07.11.2018","25,07","25,70","25,81","24,89","27,55M","-1,94%"
"06.11.2018","25,57","25,35","25,72","25,13","25,94M","-1,08%"
"05.11.2018","25,85","25,26","26,03","25,02","26,75M","2,15%"
"01.11.2018","25,31","24,57","25,31","24,38","53,12M","5,71%"
"31.10.2018","23,94","24,57","24,71","23,54","25,83M","-1,29%"
"30.10.2018","24,25","23,45","24,34","22,95","33,34M","3,89%"
"29.10.2018","23,34","24,84","25,05","22,95","41,21M","-1,88%"
"26.10.2018","23,79","23,68","23,79","23,14","32,25M","1,73%"
"25.10.2018","23,39","22,96","23,77","22,91","24,14M","2,89%"
"24.10.2018","22,73","23,17","23,39","22,73","18,37M","-2,40%"
"23.10.2018","23,29","22,83","23,41","22,79","12,40M","0,36%"
"22.10.2018","23,20","23,10","23,40","23,06","11,73M","1,22%"
"19.10.2018","22,93","23,08","23,27","22,70","9,52M","0,34%"
"18.10.2018","22,85","23,29","23,38","22,85","18,19M","-2,76%"
"17.10.2018","23,50","23,20","23,64","23,16","25,11M","0,12%"
"16.10.2018","23,47","22,62","23,47","22,62","25,03M","4,77%"
"15.10.2018","22,40","22,53","22,65","22,35","19,19M","0,53%"
"11.10.2018","22,28","22,68","22,68","21,89","22,27M","-0,59%"
"10.10.2018","22,42","22,83","22,95","22,35","24,70M","-3,25%"
"09.10.2018","23,17","23,09","23,42","22,68","29,49M","0,36%"
"08.10.2018","23,09","23,73","23,73","22,80","50,94M","6,78%"
"05.10.2018","21,62","22,26","22,33","21,49","25,74M","-1,49%"
"04.10.2018","21,95","21,72","21,96","21,43","20,52M","0,48%"
"03.10.2018","21,84","22,58","22,67","21,61","48,82M","4,33%"
"02.10.2018","20,94","20,32","21,06","20,23","28,77M","5,89%"
"01.10.2018","19,77","19,97","20,06","19,57","10,07M","-1,12%"
"28.09.2018","20,00","20,09","20,23","19,83","12,74M","-1,88%"
"27.09.2018","20,38","20,06","20,39","20,06","17,47M","2,28%"
"26.09.2018","19,93","20,01","20,23","19,79","19,78M","0,25%"
"25.09.2018","19,88","19,60","19,88","19,42","25,63M","0,07%"
"24.09.2018","19,86","20,41","20,43","19,76","12,44M","-2,67%"
"21.09.2018","20,41","20,23","20,54","20,05","23,90M","1,60%"
"20.09.2018","20,09","20,23","20,46","19,91","12,90M","-0,21%"
"19.09.2018","20,13","19,88","20,32","19,70","17,33M","0,45%"
"18.09.2018","20,04","19,88","20,27","19,81","15,71M","0,81%"
"17.09.2018","19,88","19,22","20,04","19,21","12,42M","2,85%"
"14.09.2018","19,33","19,14","19,50","18,99","17,55M","0,43%"
"13.09.2018","19,24","19,45","19,47","19,04","10,99M","-0,40%"
"12.09.2018","19,32","19,40","19,65","19,21","19,19M","0,04%"
"11.09.2018","19,31","19,44","19,44","19,05","17,68M","-3,01%"
"10.09.2018","19,91","20,08","20,20","19,69","27,57M","0,39%"
"06.09.2018","19,83","19,40","19,89","19,14","16,52M","2,86%"
"05.09.2018","19,28","19,14","19,38","18,94","14,86M","0,62%"
"04.09.2018","19,17","19,53","19,56","19,04","12,16M","-2,24%"
"03.09.2018","19,61","19,53","19,69","19,31","6,60M","-0,88%"
"31.08.2018","19,78","19,55","19,94","19,43","15,61M","1,36%"
"30.08.2018","19,51","20,17","20,29","19,51","20,32M","-4,27%"
"29.08.2018","20,39","20,28","20,55","20,22","9,94M","1,21%"
"28.08.2018","20,14","20,19","20,32","19,92","10,77M","-0,62%"
"27.08.2018","20,27","19,93","20,40","19,82","12,31M","2,68%"
"24.08.2018","19,74","20,00","20,00","19,63","9,58M","0,89%"
"23.08.2018","19,56","20,04","20,23","19,41","17,46M","-2,50%"
"22.08.2018","20,07","19,44","20,10","19,20","15,51M","2,46%"
"21.08.2018","19,58","19,97","20,20","19,38","25,65M","-2,43%"
"20.08.2018","20,07","19,93","20,17","19,74","13,91M","0,63%"
"17.08.2018","19,95","20,24","20,40","19,90","17,22M","-3,05%"
"16.08.2018","20,57","20,57","20,80","20,38","10,56M","0,00%"
"15.08.2018","20,57","20,49","20,80","20,36","20,40M","-1,20%"
"14.08.2018","20,82","20,76","20,94","20,37","15,27M","1,70%"
"13.08.2018","20,48","19,91","20,53","19,88","11,89M","1,94%"
"10.08.2018","20,09","20,86","20,88","19,96","24,06M","-4,98%"
"09.08.2018","21,14","21,35","21,70","21,01","11,99M","-1,04%"
"08.08.2018","21,36","21,85","22,16","21,25","17,92M","-2,39%"
"07.08.2018","21,88","22,30","22,46","21,64","19,32M","-1,51%"
"06.08.2018","22,22","22,44","22,50","22,09","11,13M","-0,69%"
"03.08.2018","22,37","21,68","22,51","21,68","26,69M","3,82%"
"02.08.2018","21,55","21,33","21,66","21,19","10,72M","0,03%"
"01.08.2018","21,54","21,06","21,71","21,04","15,28M","1,31%"
"31.07.2018","21,26","21,59","21,70","21,17","14,05M","-1,93%"
"30.07.2018","21,68","21,59","21,81","21,41","12,12M","0,74%"
"27.07.2018","21,52","21,46","21,61","21,26","22,09M","1,11%"
"26.07.2018","21,29","22,11","22,11","21,01","27,92M","-2,55%"
"25.07.2018","21,84","21,60","22,07","21,42","40,01M","1,82%"
"24.07.2018","21,45","21,38","21,56","21,24","16,73M","1,48%"
"23.07.2018","21,14","21,16","21,28","21,00","16,91M","-1,14%"
"20.07.2018","21,38","21,38","21,72","21,10","35,62M","3,47%"
"19.07.2018","20,67","20,09","20,67","19,88","18,25M","1,26%"
"18.07.2018","20,41","20,85","21,04","20,27","15,56M","-2,46%"
"17.07.2018","20,92","20,29","21,02","20,21","17,99M","2,88%"
"16.07.2018","20,34","20,23","20,42","20,07","12,58M","0,45%"
"13.07.2018","20,25","19,78","20,33","19,69","21,87M","2,00%"
"12.07.2018","19,85","19,51","19,85","19,45","19,30M","2,93%"
"11.07.2018","19,29","19,19","19,50","19,02","16,28M","-0,40%"
"10.07.2018","19,36","19,73","19,93","19,08","21,28M","-1,31%"
"06.07.2018","19,62","19,50","19,66","19,22","13,22M","0,28%"
"05.07.2018","19,57","19,70","19,70","19,09","17,14M","-0,21%"
"04.07.2018","19,61","19,36","19,64","19,15","10,36M","1,40%"
"03.07.2018","19,34","18,69","19,46","18,62","17,24M","4,63%"
"02.07.2018","18,48","18,32","18,55","18,26","12,96M","-0,60%"
"29.06.2018","18,59","18,40","18,68","18,22","19,56M","1,86%"
"28.06.2018","18,25","17,61","18,36","17,61","12,96M","3,41%"
"27.06.2018","17,65","17,95","18,11","17,51","15,89M","-1,62%"
"26.06.2018","17,94","18,18","18,25","17,66","19,59M","-0,54%"
"25.06.2018","18,04","18,21","18,26","17,58","22,22M","-0,15%"
"22.06.2018","18,07","18,00","18,19","17,73","26,24M","1,91%"
"21.06.2018","17,73","18,35","18,59","17,62","17,26M","-4,15%"
"20.06.2018","18,49","18,45","18,78","18,02","23,60M","2,14%"
"19.06.2018","18,11","17,08","18,36","17,06","29,07M","5,18%"
"18.06.2018","17,22","17,59","17,62","17,15","18,80M","-3,22%"
"15.06.2018","17,79","17,45","17,79","17,19","43,97M","1,78%"
"14.06.2018","17,48","18,28","18,40","17,48","33,00M","-4,06%"
"13.06.2018","18,22","18,72","18,72","17,87","18,97M","-2,04%"
"12.06.2018","18,60","18,66","18,96","18,41","15,71M","-0,26%"
"11.06.2018","18,65","19,06","19,25","18,50","13,29M","-1,89%"
"08.06.2018","19,01","19,03","19,39","18,38","26,49M","-0,87%"
"07.06.2018","19,17","19,05","19,23","18,28","28,80M","-1,77%"
"06.06.2018","19,52","19,65","20,13","19,30","18,26M","-1,67%"
"05.06.2018","19,85","20,68","20,89","19,76","20,07M","-4,81%"
"04.06.2018","20,85","20,89","21,11","20,69","13,57M","1,03%"
"01.06.2018","20,64","20,44","20,89","20,11","19,17M","2,43%"
"30.05.2018","20,15","20,24","20,60","20,09","32,46M","-0,61%"
"29.05.2018","20,27","20,51","20,79","20,17","16,83M","0,41%"
"28.05.2018","20,19","20,79","20,84","20,17","11,20M","-4,23%"
"25.05.2018","21,08","21,60","21,63","20,83","19,74M","-1,99%"
"24.05.2018","21,51","21,36","21,54","21,07","13,84M","0,16%"
"23.05.2018","21,47","21,76","21,96","21,42","15,50M","-2,63%"
"22.05.2018","22,05","21,64","22,27","21,54","19,55M","2,87%"
"21.05.2018","21,44","21,79","21,98","21,31","26,30M","-1,43%"
"18.05.2018","21,75","21,23","21,83","20,72","34,67M","0,45%"
"17.05.2018","21,65","22,46","22,53","21,65","24,29M","-4,16%"
"16.05.2018","22,59","22,22","22,70","22,10","10,04M","1,62%"
"15.05.2018","22,23","21,89","22,51","21,71","16,76M","-0,59%"
"14.05.2018","22,36","22,76","23,09","22,13","15,47M","-1,43%"
"11.05.2018","22,69","23,10","23,15","22,57","11,99M","-1,79%"
"10.05.2018","23,10","22,72","23,30","22,70","11,70M","2,01%"
"09.05.2018","22,65","22,54","22,79","22,31","10,05M","0,80%"
"08.05.2018","22,47","22,38","22,63","22,21","18,55M","-0,52%"